"mc","theta","eta","sensit","resCri","h","f","R1_TTchase","R1_TTmirror","R0_TTchase","R0_TTmirror","part","mc_fit_wm","theta_fit_wm","eta_fit_wm","mc_fit_var","theta_fit_var","eta_fit_var","hitRate","negSumLog","total_time"
54,75,0.75,0.230210925999567,0.190375325099614,0.47,0.38,47,38,53,62,"54_75_0.75",54.7854979365775,77.8365699611804,0.708186138960311,59.3029855023842,125.366845017756,0.758778058628399,0.6935,119.534952471481,1.41814363790883
